AcX,AcY,AcZ
-32768.0,9596.0,-8336.0
-20616.0,32767.0,-13276.0
-11744.0,7748.0,10180.0
-21356.0,-26764.0,-10764.0
-10188.0,5520.0,-5952.0
-9172.0,16988.0,-11124.0
-1344.0,15032.0,-9056.0
-3824.0,6028.0,-5324.0
-3768.0,84.0,-3412.0
-5612.0,-2176.0,-4436.0
-5052.0,348.0,-2620.0
-5456.0,1560.0,-1368.0
-6524.0,2412.0,-2020.0
-8256.0,1760.0,-2152.0
-10360.0,688.0,-3568.0
-12812.0,384.0,-3360.0
-14392.0,12.0,-4360.0
-17964.0,-280.0,-3456.0
-21992.0,364.0,-3288.0
-26244.0,-772.0,-3700.0
-31500.0,-3676.0,-3676.0
-32768.0,-6568.0,-4420.0
-32768.0,-10624.0,-5660.0
-32768.0,-19664.0,-8100.0
-32768.0,-23688.0,-11088.0
-30272.0,-24176.0,-13492.0
-29240.0,-32768.0,-15676.0
-26676.0,-32768.0,-9364.0
-19216.0,-32768.0,-9844.0
-21616.0,-32768.0,-7824.0
-32768.0,-8220.0,-8488.0
-25492.0,22516.0,-10428.0
-32768.0,32767.0,2404.0
-32768.0,-18432.0,-17420.0
-13812.0,-12416.0,32767.0
-17244.0,-8904.0,3948.0
-11016.0,-5944.0,-6960.0
-10456.0,-5048.0,4040.0
-17412.0,-9816.0,-11916.0
-18112.0,-11160.0,-13088.0
-19040.0,-17248.0,-13696.0
-11216.0,-2340.0,-15908.0
-17160.0,4748.0,-6748.0
-15316.0,8604.0,-7348.0
-16020.0,1408.0,-3808.0
-17332.0,-1168.0,-3992.0
-17232.0,-2820.0,-5228.0
-16512.0,540.0,-7920.0
-14136.0,3732.0,-9484.0
-14348.0,2580.0,-7992.0
-14788.0,1312.0,-6288.0
-15588.0,1444.0,-5668.0
-16624.0,1468.0,-6912.0
-15440.0,1244.0,-7920.0
-13792.0,2808.0,-7956.0
-11676.0,3956.0,-8244.0
-13732.0,2464.0,-10472.0
-15940.0,3112.0,-7220.0
-15984.0,3540.0,-7376.0
-17068.0,5452.0,-7216.0
-18180.0,5248.0,-7028.0
-20436.0,5420.0,-6404.0
-21208.0,7848.0,-6924.0
-21928.0,7608.0,-7152.0
-24324.0,8296.0,-5156.0
-25760.0,7596.0,-3384.0
-26200.0,9256.0,-4420.0
-27620.0,9116.0,-7576.0
-31988.0,13428.0,-6660.0
-32768.0,21204.0,-6180.0
-32768.0,20460.0,-9104.0
-32768.0,6992.0,-8504.0
-32768.0,1912.0,-6564.0
-27820.0,21640.0,-20224.0
-29420.0,22680.0,-22720.0
16436.0,-8820.0,-10844.0
-20352.0,-25164.0,-16972.0
-16264.0,8400.0,-2268.0
-8884.0,18244.0,-11980.0
-2748.0,11856.0,-9424.0
-4580.0,4740.0,-5364.0
-4956.0,-684.0,-4228.0
-5276.0,-2456.0,-3044.0
-6296.0,892.0,-1080.0
-7152.0,1836.0,-1172.0
-6988.0,3632.0,-2664.0
-8892.0,2696.0,-3960.0
-11496.0,-824.0,-5312.0
-13156.0,-1892.0,-5060.0
-14468.0,-2428.0,-6620.0
-18108.0,-2556.0,-6848.0
-21192.0,-1400.0,-7120.0
-25572.0,-644.0,-7488.0
-30260.0,-1860.0,-7640.0
-32768.0,-6652.0,-8288.0
-32768.0,-11100.0,-9572.0
-32768.0,-20712.0,-9880.0
-32768.0,-24064.0,-10152.0
-32264.0,-22496.0,-10056.0
-28160.0,-32768.0,-15688.0
-26740.0,-32768.0,-12692.0
-19984.0,-31600.0,-10544.0
-21532.0,-32768.0,-9852.0
-22812.0,-31588.0,-10016.0
-19252.0,13156.0,-7756.0
-32768.0,32767.0,-17268.0
-32768.0,32767.0,-12516.0
-22604.0,-17724.0,7140.0
-13396.0,-8944.0,32496.0
-17244.0,-10056.0,-1548.0
-14104.0,-6484.0,-10872.0
-9140.0,-4600.0,-3444.0
-11924.0,-25756.0,-12392.0
-32768.0,-5480.0,-28776.0
-11044.0,-8092.0,-12996.0
-17676.0,380.0,-13820.0
-14580.0,5208.0,-6388.0
-15344.0,7584.0,-4212.0
-14068.0,6044.0,-1744.0
-16436.0,3968.0,48.0
-15984.0,-1404.0,-3828.0
-15984.0,-2492.0,-5628.0
-15180.0,-3040.0,-6904.0
-14944.0,-1344.0,-8268.0
-15064.0,104.0,-7472.0
-16096.0,-828.0,-5220.0
-16892.0,-964.0,-2636.0
-16456.0,-552.0,-2048.0
-15580.0,1444.0,-4596.0
-13928.0,2792.0,-6368.0
-14324.0,2132.0,-9300.0
-15324.0,748.0,-9436.0
-14516.0,1792.0,-9332.0
-16768.0,3564.0,-11608.0
-20536.0,7780.0,-9972.0
-20160.0,7168.0,-7004.0
-23352.0,8756.0,-4512.0
-25580.0,6324.0,-2420.0
-26896.0,6976.0,-1968.0
-26876.0,7728.0,-5072.0
-27320.0,8524.0,-9280.0
-28768.0,10332.0,-10664.0
-32532.0,15492.0,-8456.0
-32768.0,19228.0,-8608.0
-32768.0,17656.0,-7736.0
-32768.0,8636.0,-5876.0
-32192.0,7604.0,-6148.0
-26408.0,21016.0,-19192.0
-32768.0,19712.0,-24080.0
13112.0,-13500.0,-8812.0
-19548.0,-16160.0,-19124.0
-17260.0,10020.0,-2364.0
-5980.0,15500.0,-10628.0
-3032.0,8616.0,-7036.0
-5404.0,4112.0,-4036.0
-4988.0,-2564.0,-3728.0
-3336.0,-656.0,-4016.0
-5480.0,340.0,-1516.0
-5844.0,164.0,-1288.0
-7244.0,2072.0,-1912.0
-9084.0,2524.0,-2340.0
-10728.0,1344.0,-2896.0
-13696.0,-632.0,-2864.0
-14456.0,-1384.0,-4220.0
-16132.0,-660.0,-3976.0
-19020.0,1236.0,-3964.0
-23704.0,2020.0,-4572.0
-29384.0,280.0,-4808.0
-32768.0,-3180.0,-6060.0
-32768.0,-6904.0,-6736.0
-32768.0,-13108.0,-7416.0
-32768.0,-22192.0,-9012.0
-31672.0,-22488.0,-12488.0
-30740.0,-29124.0,-17712.0
-30900.0,-32768.0,-15472.0
-24740.0,-32768.0,-8456.0
-20492.0,-32156.0,-11148.0
-21664.0,-30052.0,-9368.0
-24328.0,-26964.0,-8876.0
-32768.0,32664.0,-3576.0
-3120.0,32767.0,-27416.0
-32768.0,32767.0,-3544.0
-17372.0,-16140.0,-18656.0
-19624.0,-17856.0,32767.0
-21716.0,-9616.0,-6040.0
-10392.0,-2516.0,-2288.0
-10936.0,-15212.0,272.0
-22304.0,-22644.0,-14624.0
-10868.0,-13828.0,-27136.0
-19412.0,-7928.0,-11096.0
-14112.0,4572.0,-13400.0
-14484.0,4872.0,-8228.0
-15012.0,6496.0,-4804.0
-17312.0,1020.0,-2660.0
-17944.0,-1700.0,-3016.0
-16576.0,-1476.0,-6072.0
-16304.0,-568.0,-8296.0
-14524.0,1308.0,-7884.0
-14668.0,2460.0,-5912.0
-14964.0,1460.0,-5040.0
-16212.0,-112.0,-5168.0
-15928.0,336.0,-6348.0
-14528.0,284.0,-7944.0
-16848.0,-108.0,-11180.0
-15040.0,1892.0,-9496.0
-14620.0,4192.0,-7284.0
-15376.0,5944.0,-7456.0
-15428.0,5140.0,-6612.0
-15992.0,7016.0,-8176.0
-19864.0,7568.0,-8160.0
-22376.0,6748.0,-8304.0
-23776.0,6732.0,-6716.0
-24488.0,9496.0,-4160.0
-25480.0,11172.0,-2596.0
-26092.0,11320.0,-4428.0
-27472.0,10348.0,-8128.0
-32768.0,14860.0,-8100.0
-32768.0,19504.0,-8760.0
-32768.0,19408.0,-8180.0
-32768.0,4768.0,-6904.0
-32588.0,8308.0,-5600.0
-27492.0,20068.0,-22244.0
-32768.0,19784.0,-20724.0
20164.0,-28748.0,-10460.0
-12964.0,-11280.0,-19492.0
-17780.0,15728.0,-9164.0
-4092.0,18468.0,-12636.0
-5112.0,8060.0,-6536.0
-6096.0,344.0,-2948.0
-6576.0,-2544.0,-2800.0
-5616.0,400.0,-1724.0
-5624.0,2116.0,160.0
-7088.0,2292.0,-476.0
-8704.0,1936.0,-2012.0
-10020.0,836.0,-2872.0
-12244.0,-300.0,-3028.0
-14656.0,-1428.0,-3376.0
-15336.0,-2848.0,-4156.0
-17388.0,-1976.0,-4800.0
-20748.0,112.0,-4932.0
-26816.0,-404.0,-5036.0
-31032.0,-3912.0,-5572.0
-32768.0,-8296.0,-6492.0
-32768.0,-14340.0,-7124.0
-32768.0,-21084.0,-7668.0
-32768.0,-21744.0,-8536.0
-28236.0,-23712.0,-12960.0
-27232.0,-32768.0,-18524.0
-27588.0,-32768.0,-12448.0
-21500.0,-32768.0,-7628.0
-20200.0,-32768.0,-7848.0
-22372.0,-31236.0,-9200.0
-7804.0,14532.0,-7996.0
-32768.0,32767.0,-1208.0
-32768.0,4384.0,-28860.0
-11944.0,-25296.0,32767.0
-19708.0,-5728.0,10380.0
-15128.0,-10400.0,-4096.0
-11144.0,-3552.0,1124.0
-16528.0,-8980.0,-7148.0
-25520.0,-16136.0,-20600.0
-12652.0,-13024.0,-20228.0
-19016.0,-8156.0,-10568.0
-14960.0,2868.0,-12024.0
-16064.0,3724.0,-5776.0
-15276.0,5996.0,-1668.0
-16412.0,1580.0,-2208.0
-17592.0,-168.0,-3064.0
-16304.0,2468.0,-2808.0
-16556.0,-1508.0,-8704.0
-14448.0,176.0,-10284.0
-14540.0,1416.0,-8476.0
-15408.0,728.0,-6924.0
-16556.0,-220.0,-5780.0
-16272.0,528.0,-6088.0
-15204.0,2360.0,-6996.0
-13260.0,3832.0,-8400.0
-14688.0,2828.0,-11628.0
-13944.0,3076.0,-8440.0
-14932.0,3396.0,-5932.0
-15944.0,3340.0,-7632.0
-15884.0,6364.0,-5892.0
-16888.0,6896.0,-8292.0
-20532.0,6420.0,-7960.0
-23304.0,6600.0,-6388.0
-24180.0,8464.0,-5036.0
-26104.0,9508.0,-3688.0
-25608.0,9336.0,-2384.0
-25912.0,8640.0,-6004.0
-26452.0,9180.0,-8260.0
-30296.0,13832.0,-8016.0
-32528.0,17748.0,-8232.0
-32768.0,18228.0,-6968.0
-31168.0,9012.0,-8216.0
-32768.0,4208.0,-4172.0
-25912.0,21324.0,-17668.0
-32768.0,18096.0,-23076.0
12168.0,-11156.0,-11136.0
-22736.0,-23140.0,-18980.0
-19408.0,11128.0,-5192.0
-6268.0,17448.0,-13672.0
-3100.0,9368.0,-9024.0
-4508.0,5008.0,-4696.0
-5020.0,2972.0,-5980.0
-5368.0,-392.0,-2692.0
-6064.0,-900.0,-468.0
-8012.0,884.0,-2012.0
-8712.0,2768.0,-3696.0
-9604.0,872.0,-4088.0
-11528.0,-1836.0,-4356.0
-12224.0,-1476.0,-3540.0
-12320.0,76.0,-3768.0
-14308.0,640.0,-3752.0
-18560.0,744.0,-4964.0
-23388.0,-2480.0,-6184.0
-27228.0,-3756.0,-6604.0
-31300.0,-5072.0,-6336.0
-32768.0,-12696.0,-7588.0
-32768.0,-22920.0,-10544.0
-32768.0,-25816.0,-12380.0
-30888.0,-22296.0,-11440.0
-27556.0,-26468.0,-14580.0
-29816.0,-32768.0,-18384.0
-24920.0,-32768.0,-9236.0
-19588.0,-32768.0,-7960.0
-32768.0,-21928.0,-9552.0
-31880.0,-10612.0,-9156.0
-32768.0,32767.0,-2008.0
-30848.0,-14440.0,-11112.0
-15700.0,-15360.0,31892.0
-11632.0,-3276.0,-1536.0
-14224.0,-9920.0,-7096.0
-9552.0,-6228.0,16.0
-4476.0,-23904.0,-9728.0
-28316.0,-10712.0,-29944.0
-16712.0,-12532.0,-8236.0
-17028.0,-752.0,-13212.0
-14680.0,2084.0,-7152.0
-16220.0,6604.0,-3148.0
-15776.0,5892.0,-1316.0
-16812.0,180.0,-3088.0
-16032.0,-2044.0,-5644.0
-15544.0,-1120.0,-5652.0
-15260.0,-292.0,-8148.0
-15048.0,1128.0,-7672.0
-15388.0,1144.0,-6120.0
-16092.0,-480.0,-3964.0
-17200.0,-720.0,-3336.0
-16716.0,-656.0,-3868.0
-16716.0,-852.0,-5648.0
-15024.0,272.0,-7636.0
-12408.0,1492.0,-9976.0
-15812.0,3848.0,-13344.0
-15476.0,4772.0,-7732.0
-17124.0,5924.0,-5500.0
-19540.0,8976.0,-6656.0
-20756.0,7680.0,-5072.0
-22388.0,7628.0,-6092.0
-23644.0,6540.0,-5956.0
-25300.0,8300.0,-3772.0
-24800.0,8692.0,-3600.0
-25612.0,7908.0,-6840.0
-27936.0,9176.0,-8868.0
-31092.0,14788.0,-8936.0
-32768.0,19152.0,-9092.0
-32768.0,18824.0,-12340.0
-32768.0,11184.0,-8828.0
-32272.0,4668.0,-5484.0
-24388.0,17720.0,-20700.0
-26576.0,17784.0,-25156.0
5016.0,-8164.0,-16464.0
-24752.0,-19204.0,-12488.0
-13724.0,9096.0,448.0
-8604.0,17704.0,-8964.0
-1792.0,12828.0,-6644.0
-3336.0,6564.0,-6240.0
-4956.0,1148.0,-4512.0
-6288.0,-1264.0,-3824.0
-6652.0,188.0,-2344.0
-7580.0,560.0,-1464.0
-7900.0,920.0,-2368.0
-8948.0,592.0,-3568.0
-11832.0,-340.0,-3644.0
-13152.0,-412.0,-4716.0
-14044.0,516.0,-4712.0
-16260.0,324.0,-3944.0
-20112.0,1216.0,-4172.0
-25760.0,1068.0,-4572.0
-30864.0,-1716.0,-4556.0
-32768.0,-5052.0,-5116.0
-32768.0,-8240.0,-5884.0
-32768.0,-16260.0,-6668.0
-32768.0,-21884.0,-8568.0
-30612.0,-20848.0,-11524.0
-26912.0,-30508.0,-16792.0
-29708.0,-32768.0,-13132.0
-23068.0,-32768.0,-7300.0
-19936.0,-32768.0,-8728.0
-21244.0,-31576.0,-9428.0
-23500.0,-28928.0,-7996.0
-3040.0,32767.0,-3768.0
-32768.0,32767.0,-9388.0
-32768.0,21416.0,-18620.0
-15704.0,-29076.0,13360.0
-23988.0,-16872.0,19872.0
-16456.0,-4960.0,-7920.0
-12208.0,-3276.0,2284.0
-17624.0,-18028.0,-5432.0
-32512.0,-8744.0,-25356.0
-10216.0,-13548.0,-16764.0
-18204.0,-6000.0,-12608.0
-14368.0,3804.0,-10272.0
-15096.0,6736.0,-6700.0
-15592.0,6992.0,-2868.0
-16360.0,2104.0,-3196.0
-16004.0,2208.0,-3320.0
-15908.0,-304.0,-6652.0
-14824.0,-1128.0,-9576.0
-15480.0,172.0,-9064.0
-15068.0,-428.0,-7816.0
-16028.0,72.0,-5160.0
-16424.0,784.0,-4232.0
-17204.0,-828.0,-5200.0
-14976.0,80.0,-7396.0
-12728.0,4296.0,-9472.0
-14468.0,4064.0,-11912.0
-15360.0,5444.0,-9500.0
-15648.0,4428.0,-6884.0
-18812.0,6188.0,-7756.0
-20200.0,7608.0,-4908.0
-22892.0,6640.0,-5384.0
-23824.0,6052.0,-5892.0
-24620.0,7904.0,-5316.0
-25828.0,8456.0,-4500.0
-26360.0,9060.0,-5760.0
-28080.0,10116.0,-7016.0
-31904.0,13376.0,-6784.0
-32768.0,19576.0,-6260.0
-32768.0,22648.0,-7924.0
-32768.0,6584.0,-7524.0
-32768.0,3848.0,-2724.0
-27808.0,19972.0,-22444.0
-32768.0,21900.0,-23940.0
23160.0,-23432.0,-11852.0
-18580.0,-16688.0,-19584.0
-17960.0,11924.0,-4288.0
-3500.0,18412.0,-11588.0
-2932.0,10120.0,-6592.0
-2284.0,3640.0,-4348.0
-2828.0,204.0,-5672.0
-1072.0,1452.0,-4100.0
-4100.0,2324.0,-1768.0
-6524.0,432.0,-2176.0
-7152.0,3076.0,-3304.0
-7660.0,2112.0,-5072.0
-10284.0,-2648.0,-5332.0
-13180.0,-2072.0,-5360.0
-15796.0,-1916.0,-6152.0
-18692.0,-1668.0,-6612.0
-21140.0,-816.0,-7320.0
-25880.0,-1544.0,-8148.0
-30772.0,-4832.0,-8064.0
-32768.0,-7144.0,-8912.0
-32768.0,-12984.0,-9832.0
-32768.0,-20548.0,-10180.0
-32768.0,-28416.0,-12280.0
-28764.0,-24592.0,-14416.0
-24372.0,-32768.0,-20264.0
-26508.0,-32768.0,-15192.0
-20512.0,-32768.0,-10160.0
-20012.0,-32592.0,-9460.0
-32768.0,-7628.0,-9748.0
-32768.0,32767.0,-11204.0
-32768.0,32767.0,2072.0
-30548.0,-27580.0,-6660.0
-12784.0,-11416.0,32767.0
-18684.0,-14132.0,2668.0
-13880.0,-11080.0,-6568.0
-14320.0,-6256.0,-740.0
-7792.0,-25344.0,-12328.0
-24868.0,-9752.0,-28336.0
-19284.0,-9320.0,-8320.0
-13032.0,2476.0,-13048.0
-14440.0,5612.0,-6332.0
-15212.0,8584.0,-3156.0
-16824.0,3900.0,-580.0
-17752.0,-1708.0,-2028.0
-16796.0,-1436.0,-5896.0
-15056.0,864.0,-10836.0
-13824.0,2448.0,-10496.0
-14304.0,1340.0,-7788.0
-15552.0,-332.0,-6080.0
-16788.0,-2040.0,-4912.0
-16748.0,-1524.0,-4708.0
-15444.0,-544.0,-4860.0
-17092.0,1188.0,-11152.0
-15560.0,3004.0,-7916.0
-13752.0,1632.0,-8500.0
-14416.0,3636.0,-7696.0
-15212.0,5460.0,-6504.0
-16268.0,9012.0,-6800.0
-19652.0,6460.0,-8120.0
-22684.0,7856.0,-6808.0
-24232.0,7824.0,-4624.0
-26068.0,9840.0,-1848.0
-26436.0,9880.0,-2424.0
-26616.0,8748.0,-6044.0
-28112.0,7812.0,-8876.0
-32764.0,13316.0,-9604.0
-32768.0,16764.0,-9740.0
-32768.0,20332.0,-8808.0
-32768.0,7108.0,-9900.0
-32768.0,5284.0,-4864.0
-26616.0,23776.0,-21520.0
-32768.0,22236.0,-28676.0
16704.0,-17944.0,-7552.0
-22548.0,-18756.0,-19248.0
-14984.0,8844.0,-1996.0
-7480.0,16564.0,-10224.0
-2116.0,10572.0,-7852.0
-2612.0,4256.0,-3232.0
-3724.0,-540.0,-3256.0
-3428.0,-972.0,-3012.0
-4560.0,488.0,-1328.0
-5396.0,1224.0,-1360.0
-5572.0,1960.0,-2548.0
-6260.0,1704.0,-2248.0
-9144.0,96.0,-4576.0
-11308.0,-632.0,-5040.0
-12332.0,-672.0,-5868.0
-15220.0,-1484.0,-5444.0
-19352.0,-3008.0,-5768.0
-23872.0,-5348.0,-6436.0
-26528.0,-4964.0,-7368.0
-29312.0,-5544.0,-7816.0
-32768.0,-10124.0,-8724.0
-32768.0,-17820.0,-9664.0
-32768.0,-25136.0,-10928.0
-28504.0,-21184.0,-11304.0
-29256.0,-28204.0,-14012.0
-29700.0,-32768.0,-16368.0
-21784.0,-32768.0,-9584.0
-20588.0,-32768.0,-8048.0
-21800.0,-32768.0,-7628.0
-31708.0,-25868.0,-4684.0
-6412.0,32767.0,-3432.0
-32768.0,32767.0,18200.0
-32768.0,-21072.0,-28356.0
-12784.0,-9828.0,32767.0
-17372.0,-7864.0,7292.0
-15248.0,-5688.0,-6660.0
-10628.0,-1468.0,2856.0
-14848.0,-8928.0,-10616.0
-8264.0,-26048.0,-12932.0
-18904.0,-8916.0,-28180.0
-16096.0,-2196.0,-10816.0
-13184.0,7824.0,-13756.0
-13556.0,7340.0,-5456.0
-16932.0,3344.0,-2596.0
-18100.0,-1140.0,-720.0
-17288.0,-432.0,-3596.0
-16996.0,216.0,-8448.0
-14604.0,2240.0,-9112.0
-14936.0,2352.0,-7968.0
-15604.0,720.0,-6648.0
-15516.0,168.0,-6180.0
-15932.0,-852.0,-6944.0
-16288.0,-692.0,-8832.0
-18300.0,52.0,-10068.0
-13872.0,996.0,-8560.0
-14144.0,2340.0,-7064.0
-15288.0,3012.0,-4964.0
-15648.0,4368.0,-5828.0
-15496.0,5340.0,-6580.0
-18016.0,4320.0,-9368.0
-20648.0,7520.0,-8376.0
-22752.0,6600.0,-9040.0
-23472.0,7432.0,-7548.0
-25408.0,8892.0,-3884.0
-25080.0,10432.0,-2848.0
-27164.0,9888.0,-4976.0
-31736.0,13272.0,-6068.0
-32768.0,18952.0,-6420.0
-32768.0,19396.0,-6876.0
-32736.0,9508.0,-9972.0
-32768.0,4620.0,-4272.0
-27788.0,17940.0,-26576.0
-32768.0,19152.0,-27160.0
20920.0,-19504.0,-14528.0
-27580.0,-12132.0,-19680.0
-15460.0,17456.0,-6032.0
-2904.0,19580.0,-13360.0
-5104.0,10256.0,-8656.0
-5360.0,5652.0,-5292.0
-6284.0,4212.0,-3288.0
-8188.0,4200.0,-608.0
-8724.0,3964.0,676.0
-7868.0,3728.0,368.0
-9948.0,2680.0,-2892.0
-12936.0,-172.0,-3788.0
-14920.0,-2772.0,-5364.0
-15868.0,-2828.0,-5668.0
-17152.0,-3420.0,-5652.0
-20212.0,-3932.0,-5856.0
-23264.0,-4200.0,-6452.0
-25932.0,-4572.0,-7444.0
-29096.0,-7596.0,-7440.0
-32768.0,-14188.0,-8596.0
-32768.0,-21740.0,-9988.0
-32768.0,-27572.0,-11516.0
-32768.0,-27252.0,-12000.0
-24680.0,-26764.0,-15120.0
-26324.0,-32768.0,-17696.0
-24476.0,-32768.0,-9624.0
-20564.0,-32768.0,-3692.0
-20108.0,-32768.0,-4984.0
-22652.0,-30900.0,-5204.0
-5260.0,19640.0,-1980.0
-32768.0,32767.0,6080.0
-32768.0,-13652.0,-32768.0
-15160.0,-12700.0,32767.0
-14808.0,-4024.0,-4436.0
-16332.0,-8452.0,-7464.0
-8356.0,-7088.0,4132.0
-18468.0,-11544.0,-9364.0
-16640.0,-25040.0,-9744.0
-15508.0,-11220.0,-26788.0
-16960.0,-1744.0,-10860.0
-14736.0,8272.0,-13652.0
-14464.0,5108.0,-4912.0
-16572.0,3600.0,-1532.0
-17452.0,-432.0,-1276.0
-17308.0,1196.0,-3332.0
-15404.0,-64.0,-8004.0
-15660.0,1680.0,-9084.0
-13240.0,2972.0,-7980.0
-14500.0,2360.0,-5904.0
-15288.0,1680.0,-5220.0
-15412.0,1540.0,-5796.0
-16008.0,100.0,-6936.0
-14148.0,-1488.0,-8036.0
-17112.0,-104.0,-11432.0
-15708.0,1216.0,-8108.0
-14140.0,5324.0,-6052.0
-16172.0,5172.0,-7220.0
-16804.0,5312.0,-5512.0
-17900.0,7340.0,-5528.0
-21892.0,8636.0,-5860.0
-22984.0,7628.0,-6244.0
-25348.0,6584.0,-4416.0
-26472.0,8560.0,-2792.0
-25240.0,9672.0,-5288.0
-26572.0,10568.0,-9252.0
-30436.0,11060.0,-11412.0
-32768.0,16708.0,-8932.0
-32768.0,19920.0,-8728.0
-32768.0,12032.0,-11688.0
-32768.0,1516.0,-7896.0
-29104.0,19012.0,-13220.0
-29428.0,23388.0,-31436.0
-9208.0,4188.0,-11888.0
-24096.0,-24252.0,-11548.0
-13888.0,10064.0,-2900.0
-9824.0,20856.0,-12228.0
-1740.0,10344.0,-8872.0
-4856.0,2172.0,-4792.0
-5700.0,-1516.0,-3088.0
-4436.0,-300.0,-2504.0
-4952.0,1932.0,-800.0
-5748.0,872.0,-192.0
-8724.0,2236.0,-980.0
-10532.0,292.0,-916.0
-13080.0,-508.0,-1192.0
-14316.0,-856.0,-2080.0
-14488.0,-688.0,-2476.0
-17372.0,-632.0,-1988.0
-20800.0,1208.0,-2308.0
-26132.0,-328.0,-2576.0
-31524.0,-2436.0,-3324.0
-32768.0,-7436.0,-4652.0
-32768.0,-15352.0,-5452.0
-32768.0,-20112.0,-7280.0
-32768.0,-24832.0,-7844.0
-27248.0,-25236.0,-13480.0
-26892.0,-32768.0,-19232.0
-27276.0,-32768.0,-13692.0
-21364.0,-32768.0,-9412.0
-18748.0,-32768.0,-10064.0
-19452.0,-31696.0,-11100.0
-32768.0,6900.0,-8896.0
-16136.0,32767.0,-14940.0
-32768.0,32767.0,-2028.0
-25368.0,-32768.0,-12408.0
-21696.0,-2776.0,32767.0
-18220.0,-8796.0,-1420.0
-10552.0,-4164.0,-1780.0
-14644.0,-3284.0,-2784.0
-4460.0,-24352.0,-10880.0
-20956.0,-12040.0,-27972.0
-18684.0,-12268.0,-12324.0
-14124.0,4204.0,-14472.0
-14308.0,6148.0,-7884.0
-14976.0,8616.0,-3920.0
-16728.0,3048.0,-2240.0
-17588.0,-1544.0,-4132.0
-18672.0,-3544.0,-5260.0
-14972.0,-896.0,-7392.0
-14872.0,1076.0,-5620.0
-14576.0,1396.0,-4824.0
-15900.0,-688.0,-4320.0
-15888.0,-2892.0,-4268.0
-16096.0,-2528.0,-4988.0
-18372.0,-3004.0,-7968.0
-17796.0,80.0,-7140.0
-14476.0,1296.0,-6996.0
-13800.0,1496.0,-8520.0
-14508.0,2580.0,-6092.0
-15164.0,3296.0,-6740.0
-14224.0,6204.0,-7396.0
-16936.0,7296.0,-9172.0
-20380.0,7340.0,-9364.0
-22464.0,6396.0,-8516.0
-24124.0,7372.0,-6140.0
-25292.0,7536.0,-4388.0
-25884.0,9652.0,-4656.0
-26316.0,8600.0,-6832.0
-29060.0,9720.0,-8028.0
-32768.0,15448.0,-7364.0
-32768.0,19712.0,-8896.0
-32768.0,13856.0,-10580.0
-32768.0,2588.0,-6120.0
-32768.0,12608.0,-4252.0
-26712.0,20584.0,-28592.0
-32768.0,22228.0,-15284.0
9220.0,-23360.0,-4928.0
-17952.0,-6684.0,-16436.0
-15864.0,14980.0,-7064.0
-3200.0,14236.0,-11220.0
-5024.0,5492.0,-7336.0
-4792.0,260.0,-3108.0
-5912.0,-1836.0,-3132.0
-4504.0,1560.0,-1816.0
-7028.0,3080.0,-996.0
-7780.0,3084.0,-1024.0
-9092.0,4452.0,-1676.0
-10848.0,2140.0,-2112.0
-13252.0,-784.0,-2876.0
-14908.0,-1556.0,-3064.0
-15768.0,-1416.0,-3836.0
-18628.0,412.0,-4068.0
-23312.0,-552.0,-4804.0
-29112.0,-1668.0,-5052.0
-32768.0,-3972.0,-5324.0
-32768.0,-9308.0,-6460.0
-32768.0,-16004.0,-8020.0
-32768.0,-25532.0,-9976.0
-30880.0,-23336.0,-11232.0
-29396.0,-29456.0,-15804.0
-30280.0,-32768.0,-14748.0
-25212.0,-32768.0,-8304.0
-18224.0,-32768.0,-10532.0
-20972.0,-32768.0,-9224.0
-32768.0,-26168.0,-9872.0
-17580.0,32767.0,-7364.0
-32768.0,32767.0,7016.0
-32768.0,-26332.0,-23932.0
-9756.0,-10724.0,32767.0
-17256.0,-9836.0,-284.0
-13852.0,-6620.0,-8548.0
-9936.0,-2768.0,2952.0
-19424.0,-18104.0,-10608.0
-30808.0,-12872.0,-23204.0
-9320.0,-11960.0,-18288.0
-18428.0,-2320.0,-12156.0
-14172.0,4916.0,-10184.0
-16088.0,5644.0,-5652.0
-15520.0,6508.0,-1076.0
-16108.0,3832.0,-544.0
-15776.0,4860.0,-3116.0
-14784.0,-512.0,-8608.0
-15512.0,-2236.0,-10664.0
-14412.0,1088.0,-9040.0
-15032.0,532.0,-5364.0
-16848.0,-444.0,-3456.0
-16560.0,-1092.0,-2608.0
-16796.0,-2044.0,-4608.0
-14440.0,324.0,-6828.0
-18204.0,3756.0,-11556.0
-14792.0,1896.0,-8700.0
-14844.0,5216.0,-5752.0
-15396.0,4968.0,-7324.0
-17224.0,6280.0,-4692.0
-18532.0,9932.0,-5640.0
-21944.0,5772.0,-7244.0
-22820.0,6452.0,-5840.0
-23588.0,6868.0,-5404.0
-24580.0,9600.0,-2888.0
-24664.0,10140.0,-4256.0
-24932.0,8832.0,-7432.0
-27736.0,9352.0,-9068.0
-31768.0,14232.0,-8300.0
-32768.0,18836.0,-10256.0
-32768.0,16912.0,-9604.0
-32768.0,1836.0,-6560.0
-32768.0,15360.0,-8260.0
-27660.0,21192.0,-27832.0
-32768.0,17708.0,-14904.0
-6460.0,-26396.0,-7076.0
-14032.0,-3064.0,-10240.0
-16612.0,15740.0,-11240.0
-3460.0,15008.0,-11516.0
-5776.0,4912.0,-5180.0
-4864.0,-1844.0,-2588.0
-4768.0,-2804.0,-3740.0
-3192.0,1552.0,-2480.0
-5856.0,468.0,-1936.0
-6480.0,596.0,-2300.0
-7524.0,2752.0,-3184.0
-9292.0,1800.0,-4028.0
-12168.0,-132.0,-3768.0
-13992.0,-264.0,-3892.0
-15744.0,-220.0,-4888.0
-19380.0,488.0,-4560.0
-24384.0,-740.0,-4944.0
-29220.0,-2456.0,-5828.0
-32080.0,-5208.0,-6796.0
-32768.0,-10072.0,-8120.0
-32768.0,-19492.0,-9800.0
-32768.0,-23316.0,-10332.0
-32320.0,-19412.0,-11252.0
-29116.0,-30280.0,-16320.0
-30452.0,-32768.0,-13644.0
-23032.0,-32768.0,-7060.0
-21892.0,-32768.0,-8608.0
-23052.0,-32164.0,-8632.0
-32768.0,-23528.0,-7056.0
-14120.0,32767.0,-6128.0
-32768.0,32767.0,13868.0
-32768.0,464.0,-16620.0
-8768.0,-13728.0,32767.0
-22920.0,-11684.0,13292.0
-15412.0,-3128.0,-8816.0
-10796.0,80.0,4496.0
-14316.0,-24000.0,-5208.0
-32768.0,-12464.0,-29632.0
-9476.0,-9532.0,-17080.0
-16796.0,-4724.0,-16120.0
-13672.0,5772.0,-8808.0
-14892.0,6316.0,-6588.0
-16544.0,4960.0,-1592.0
-17136.0,2624.0,-980.0
-16180.0,2220.0,-4420.0
-14380.0,-2400.0,-10320.0
-13480.0,72.0,-11848.0
-14928.0,1496.0,-10084.0
-15312.0,3260.0,-7428.0
-16404.0,2160.0,-2928.0
-16916.0,36.0,-2844.0
-16520.0,212.0,-4172.0
-15620.0,1284.0,-6232.0
-12956.0,3640.0,-7932.0
-14604.0,2272.0,-13400.0
-16316.0,4308.0,-8900.0
-16488.0,3232.0,-9136.0
-17376.0,6264.0,-6092.0
-18788.0,7956.0,-5640.0
-22236.0,7816.0,-5096.0
-23480.0,6780.0,-5540.0
-23908.0,8128.0,-4336.0
-24972.0,9364.0,-3128.0
-25180.0,9912.0,-5488.0
-26080.0,10172.0,-8396.0
-30392.0,12140.0,-8868.0
-32768.0,16656.0,-7980.0
-32768.0,21688.0,-8000.0
-32768.0,14520.0,-9828.0
-32768.0,3032.0,-4788.0
-27848.0,17956.0,-10532.0
-29376.0,18892.0,-26488.0
-17276.0,8800.0,-13268.0
-14012.0,-24812.0,-11012.0
-13952.0,1612.0,-7952.0
-12356.0,18932.0,-12668.0
-2564.0,14536.0,-10456.0
-5816.0,4844.0,-7304.0
-5260.0,-920.0,-4164.0
-5456.0,-1344.0,-3420.0
-5512.0,1316.0,-1400.0
-6996.0,64.0,-424.0
-6652.0,1132.0,-1024.0
-7564.0,1996.0,-2260.0
-9552.0,1204.0,-2248.0
-11932.0,364.0,-2736.0
-13648.0,164.0,-3612.0
-17600.0,-900.0,-3828.0
-22572.0,-2184.0,-4024.0
-26116.0,-2388.0,-4956.0
-29800.0,-2216.0,-4964.0
-32768.0,-6864.0,-5188.0
-32768.0,-13996.0,-6828.0
-32768.0,-23016.0,-9504.0
-32768.0,-23256.0,-9944.0
-28692.0,-25748.0,-12740.0
-27136.0,-32768.0,-20128.0
-29724.0,-32768.0,-12188.0
-21136.0,-32768.0,-8664.0
-18884.0,-30648.0,-9468.0
-20820.0,-30036.0,-10980.0
-7136.0,20636.0,-8308.0
-32768.0,32767.0,-8588.0
-32768.0,27420.0,-18344.0
-12688.0,-26636.0,18900.0
-20916.0,-10972.0,23012.0
-19972.0,-12424.0,-7660.0
-11856.0,-4964.0,-640.0
-3712.0,-23992.0,-3816.0
-25596.0,-10852.0,-28444.0
-18808.0,-14192.0,-9564.0
-15860.0,288.0,-15276.0
-15132.0,2008.0,-8532.0
-14264.0,10040.0,-4504.0
-15920.0,4280.0,-1736.0
-17812.0,-1328.0,-3908.0
-17976.0,-2276.0,-4236.0
-16244.0,-1120.0,-8120.0
-13804.0,1780.0,-8708.0
-13612.0,3260.0,-7484.0
-14028.0,3072.0,-6440.0
-14432.0,564.0,-5444.0
-15812.0,-1632.0,-6132.0
-16144.0,-788.0,-6908.0
-14340.0,1224.0,-7656.0
-14204.0,2072.0,-8984.0
-15160.0,1052.0,-10292.0
-15204.0,3756.0,-7596.0
-14932.0,2844.0,-6836.0
-17372.0,5340.0,-4916.0
-18700.0,5632.0,-5800.0
-22164.0,8876.0,-6520.0
-22552.0,8460.0,-6368.0
-24076.0,7416.0,-4896.0
-25924.0,9000.0,-4056.0
-25580.0,8824.0,-4568.0
-26896.0,8700.0,-8464.0
-27716.0,10904.0,-9568.0
-32768.0,15584.0,-7928.0
-32768.0,19428.0,-8240.0
-32768.0,19912.0,-8592.0
-32768.0,2780.0,-8588.0
-32768.0,9964.0,-2856.0
-29252.0,22944.0,-26948.0
-32768.0,25740.0,-20632.0
11344.0,-25928.0,-5980.0
-10932.0,-14564.0,-18132.0
-16436.0,12568.0,-10716.0
-4336.0,18016.0,-14604.0
-4768.0,7688.0,-9264.0
-3772.0,1068.0,36.0
-3684.0,-2640.0,-2000.0
-2032.0,2480.0,-1880.0
-5200.0,1960.0,-1884.0
-6140.0,1952.0,-2648.0
-7404.0,3120.0,-4104.0
-9080.0,1332.0,-3328.0
-11084.0,-1028.0,-4364.0
-12400.0,-1344.0,-4732.0
-14400.0,-784.0,-5236.0
-17804.0,-16.0,-5216.0
-21988.0,-1136.0,-5756.0
-26268.0,-2448.0,-6500.0
-32116.0,-5828.0,-6208.0
-32768.0,-12188.0,-7452.0
-32768.0,-19604.0,-8716.0
-32768.0,-24404.0,-8540.0
-32768.0,-20356.0,-8236.0
-26240.0,-28784.0,-14612.0
-29196.0,-32768.0,-18540.0
-26232.0,-32768.0,-9696.0
-20436.0,-32768.0,-7284.0
-20792.0,-32768.0,-7804.0
-24872.0,-25668.0,-9948.0
-3700.0,32767.0,-6124.0
-32768.0,32767.0,2200.0
-32768.0,-648.0,-23680.0
-3336.0,-22008.0,32767.0
-18932.0,-12040.0,16572.0
-18756.0,-10260.0,-7752.0
-10060.0,-3376.0,2052.0
-7340.0,-23024.0,-6784.0
-20952.0,-10428.0,-27412.0
-19844.0,-13732.0,-11508.0
-15324.0,-400.0,-16468.0
-15948.0,1120.0,-9656.0
-14548.0,8584.0,-4548.0
-16024.0,4740.0,-524.0
-18440.0,-12.0,-1696.0
-16816.0,508.0,-2012.0
-15532.0,-1188.0,-7492.0
-15568.0,764.0,-9516.0
